"","replicate_id","colony_id","timepoint","gonad.type","geometric.mean","Stage","count"
"1","Rep4","ACR-422","April","oocyte",65.53933727,"Stage I",4
"2","Rep6","ACR-426","April","oocyte",62.91403442,"Stage I",9
"3","Rep6","ACR-426","April","oocyte",64.45493458,"Stage I",9
"4","Rep6","ACR-426","April","oocyte",60.56953529,"Stage I",9
"5","Rep6","ACR-426","April","oocyte",67.56305796,"Stage I",9
"6","Rep6","ACR-426","April","oocyte",68.8290803,"Stage I",9
"7","Rep1","ACR-451","February","oocyte",35.32699132,"Stage I",4
"8","Rep1","ACR-451","February","oocyte",35.34369867,"Stage I",4
"9","Rep1","ACR-451","February","oocyte",37.44107434,"Stage I",4
"10","Rep1","ACR-451","February","oocyte",42.64494355,"Stage I",4
"11","Rep4","ACR-427","February","oocyte",31.7229454,"Stage I",7
"12","Rep4","ACR-427","February","oocyte",33.14458218,"Stage I",7
"13","Rep4","ACR-427","February","oocyte",33.62764644,"Stage I",7
"14","Rep4","ACR-427","February","oocyte",34.13764889,"Stage I",7
"15","Rep4","ACR-427","February","oocyte",34.95212543,"Stage I",7
"16","Rep4","ACR-427","February","oocyte",38.78893231,"Stage I",7
"17","Rep4","ACR-427","February","oocyte",39.98566323,"Stage I",7
"18","Rep5","ACR-433","February","oocyte",29.93603633,"Stage I",3
"19","Rep5","ACR-433","February","oocyte",40.43158221,"Stage I",3
"20","Rep5","ACR-433","February","oocyte",26.21095076,"Stage I",3
"21","Rep6","ACR-460","February","oocyte",46.2111072,"Stage I",2
"22","Rep6","ACR-460","February","oocyte",38.90244035,"Stage I",2
"23","Rep7","ACR-439","February","oocyte",45.25210621,"Stage I",1
"24","Rep2","ACR-437","January","oocyte",41.45309452,"Stage I",3
"25","Rep2","ACR-437","January","oocyte",43.70671148,"Stage I",3
"26","Rep2","ACR-437","January","oocyte",43.98218569,"Stage I",3
"27","Rep3","ACR-418","January","oocyte",32.26858753,"Stage I",3
"28","Rep3","ACR-418","January","oocyte",33.17809482,"Stage I",3
"29","Rep3","ACR-418","January","oocyte",39.71829359,"Stage I",3
"30","Rep5","ACR-416","January","oocyte",32.53930934,"Stage I",2
"31","Rep5","ACR-416","January","oocyte",33.54311175,"Stage I",2
"32","Rep6","ACR-457","July","oocyte",52.22314889,"Stage I",11
"33","Rep1","ACR-446","June","oocyte",64.02877234,"Stage I",16
"34","Rep1","ACR-446","June","oocyte",63.54686896,"Stage I",16
"35","Rep4","ACR-431","June","oocyte",69.25031967,"Stage I",5
"36","Rep1","ACR-427","March","oocyte",52.65707399,"Stage I",17
"37","Rep1","ACR-427","March","oocyte",59.04671125,"Stage I",17
"38","Rep1","ACR-427","March","oocyte",63.76621599,"Stage I",17
"39","Rep1","ACR-427","March","oocyte",69.07444135,"Stage I",17
"40","Rep2","ACR-421","March","oocyte",49.14601331,"Stage I",3
"41","Rep2","ACR-421","March","oocyte",54.04199996,"Stage I",3
"42","Rep2","ACR-421","March","oocyte",55.05692038,"Stage I",3
"43","Rep4","ACR-430","March","oocyte",46.24578381,"Stage I",5
"44","Rep4","ACR-430","March","oocyte",59.92090546,"Stage I",5
"45","Rep4","ACR-430","March","oocyte",62.06273246,"Stage I",5
"46","Rep4","ACR-430","March","oocyte",51.55829646,"Stage I",5
"47","Rep4","ACR-430","March","oocyte",40.11642865,"Stage I",5
"48","Rep5","ACR-434","March","oocyte",52.22508037,"Stage I",3
"49","Rep5","ACR-434","March","oocyte",45.45689558,"Stage I",3
"50","Rep6","ACR-458","March","oocyte",58.73204263,"Stage I",2
"51","Rep6","ACR-458","March","oocyte",50.2856872,"Stage I",2
"52","Rep1","ACR-418","May","oocyte",42.69578897,"Stage I",7
"53","Rep4","ACR-425","May","oocyte",41.95156564,"Stage I",4
"54","Rep4","ACR-425","May","oocyte",64.18436564,"Stage I",4
"55","Rep1","ACR-414","April","oocyte",72.58711306,"Stage II",5
"56","Rep1","ACR-414","April","oocyte",74.91413909,"Stage II",5
"57","Rep1","ACR-414","April","oocyte",75.98706597,"Stage II",5
"58","Rep1","ACR-414","April","oocyte",87.4985816,"Stage II",5
"59","Rep1","ACR-414","April","oocyte",90.48821422,"Stage II",5
"60","Rep2","ACR-425","April","oocyte",79.00112294,"Stage II",21
"61","Rep2","ACR-425","April","oocyte",80.82683668,"Stage II",21
"62","Rep2","ACR-425","April","oocyte",81.71384254,"Stage II",21
"63","Rep2","ACR-425","April","oocyte",82.53635839,"Stage II",21
"64","Rep2","ACR-425","April","oocyte",83.84448497,"Stage II",21
"65","Rep2","ACR-425","April","oocyte",84.29332235,"Stage II",21
"66","Rep2","ACR-425","April","oocyte",86.1909463,"Stage II",21
"67","Rep2","ACR-425","April","oocyte",86.40933132,"Stage II",21
"68","Rep2","ACR-425","April","oocyte",87.05031304,"Stage II",21
"69","Rep2","ACR-425","April","oocyte",103.4499735,"Stage II",21
"70","Rep2","ACR-425","April","oocyte",103.9834494,"Stage II",21
"71","Rep2","ACR-425","April","oocyte",105.2838549,"Stage II",21
"72","Rep2","ACR-425","April","oocyte",110.8620619,"Stage II",21
"73","Rep2","ACR-425","April","oocyte",132.3155533,"Stage II",21
"74","Rep2","ACR-425","April","oocyte",137.6759613,"Stage II",21
"75","Rep2","ACR-425","April","oocyte",139.0867197,"Stage II",21
"76","Rep4","ACR-422","April","oocyte",73.47259571,"Stage II",4
"77","Rep4","ACR-422","April","oocyte",88.40994934,"Stage II",4
"78","Rep4","ACR-422","April","oocyte",94.05779231,"Stage II",4
"79","Rep6","ACR-426","April","oocyte",70.10675028,"Stage II",9
"80","Rep6","ACR-426","April","oocyte",71.25883934,"Stage II",9
"81","Rep6","ACR-426","April","oocyte",70.66612631,"Stage II",9
"82","Rep6","ACR-426","April","oocyte",70.01142958,"Stage II",9
"83","Rep7","ACR-459","April","oocyte",70.3750462,"Stage II",1
"84","Rep2","ACR-425","April","oocyte",76.3881825,"Stage II",21
"85","Rep2","ACR-425","April","oocyte",75.15377016,"Stage II",21
"86","Rep1","ACR-421","August","oocyte",110.6909358,"Stage II",38
"87","Rep1","ACR-421","August","oocyte",143.4504495,"Stage II",38
"88","Rep2","ACR-438","August","oocyte",100.9858693,"Stage II",37
"89","Rep2","ACR-438","August","oocyte",105.333246,"Stage II",37
"90","Rep2","ACR-438","August","oocyte",106.570465,"Stage II",37
"91","Rep2","ACR-438","August","oocyte",119.8610858,"Stage II",37
"92","Rep2","ACR-438","August","oocyte",121.1447106,"Stage II",37
"93","Rep2","ACR-438","August","oocyte",122.5280891,"Stage II",37
"94","Rep2","ACR-438","August","oocyte",132.4781682,"Stage II",37
"95","Rep2","ACR-438","August","oocyte",137.0986346,"Stage II",37
"96","Rep2","ACR-438","August","oocyte",136.3582466,"Stage II",37
"97","Rep2","ACR-438","August","oocyte",137.1531158,"Stage II",37
"98","Rep6","ACR-423","August","oocyte",139.5217623,"Stage II",6
"99","Rep7","ACR-437","August","oocyte",112.4242449,"Stage II",5
"100","Rep1","ACR-423","July","oocyte",74.66346193,"Stage II",42
"101","Rep1","ACR-423","July","oocyte",76.26149035,"Stage II",42
"102","Rep1","ACR-423","July","oocyte",90.66202662,"Stage II",42
"103","Rep1","ACR-423","July","oocyte",91.19081895,"Stage II",42
"104","Rep1","ACR-423","July","oocyte",97.13595181,"Stage II",42
"105","Rep1","ACR-423","July","oocyte",97.23093358,"Stage II",42
"106","Rep1","ACR-423","July","oocyte",101.4031524,"Stage II",42
"107","Rep1","ACR-423","July","oocyte",104.2307948,"Stage II",42
"108","Rep1","ACR-423","July","oocyte",116.4481937,"Stage II",42
"109","Rep1","ACR-423","July","oocyte",120.2339829,"Stage II",42
"110","Rep1","ACR-423","July","oocyte",123.009297,"Stage II",42
"111","Rep1","ACR-423","July","oocyte",125.4651656,"Stage II",42
"112","Rep1","ACR-423","July","oocyte",127.2237081,"Stage II",42
"113","Rep1","ACR-423","July","oocyte",135.4429496,"Stage II",42
"114","Rep1","ACR-423","July","oocyte",138.5265725,"Stage II",42
"115","Rep2","ACR-449","July","oocyte",136.6346808,"Stage II",26
"116","Rep2","ACR-449","July","oocyte",133.6362418,"Stage II",26
"117","Rep2","ACR-449","July","oocyte",133.6738748,"Stage II",26
"118","Rep2","ACR-449","July","oocyte",127.765904,"Stage II",26
"119","Rep4","ACR-448","July","oocyte",134.7179795,"Stage II",5
"120","Rep4","ACR-448","July","oocyte",86.34430604,"Stage II",5
"121","Rep4","ACR-448","July","oocyte",104.5932259,"Stage II",5
"122","Rep6","ACR-457","July","oocyte",133.51181,"Stage II",11
"123","Rep6","ACR-457","July","oocyte",138.9253512,"Stage II",11
"124","Rep6","ACR-457","July","oocyte",103.0292946,"Stage II",11
"125","Rep6","ACR-457","July","oocyte",117.5931665,"Stage II",11
"126","Rep6","ACR-457","July","oocyte",96.59212891,"Stage II",11
"127","Rep6","ACR-457","July","oocyte",81.60864072,"Stage II",11
"128","Rep6","ACR-457","July","oocyte",104.4079269,"Stage II",11
"129","Rep6","ACR-457","July","oocyte",90.05340613,"Stage II",11
"130","Rep6","ACR-457","July","oocyte",81.52329926,"Stage II",11
"131","Rep1","ACR-446","June","oocyte",75.35656677,"Stage II",16
"132","Rep1","ACR-446","June","oocyte",81.30050302,"Stage II",16
"133","Rep1","ACR-446","June","oocyte",83.87657024,"Stage II",16
"134","Rep1","ACR-446","June","oocyte",84.66912678,"Stage II",16
"135","Rep1","ACR-446","June","oocyte",85.62879909,"Stage II",16
"136","Rep1","ACR-446","June","oocyte",103.7760005,"Stage II",16
"137","Rep1","ACR-446","June","oocyte",106.7293039,"Stage II",16
"138","Rep1","ACR-446","June","oocyte",108.9589085,"Stage II",16
"139","Rep1","ACR-446","June","oocyte",119.2797185,"Stage II",16
"140","Rep1","ACR-446","June","oocyte",124.6622601,"Stage II",16
"141","Rep1","ACR-446","June","oocyte",128.56594,"Stage II",16
"142","Rep2","ACR-432","June","oocyte",104.718104,"Stage II",4
"143","Rep2","ACR-432","June","oocyte",92.72044918,"Stage II",4
"144","Rep3","ACR-436","June","oocyte",138.6278136,"Stage II",6
"145","Rep3","ACR-436","June","oocyte",138.2790353,"Stage II",6
"146","Rep3","ACR-436","June","oocyte",120.8310412,"Stage II",6
"147","Rep4","ACR-431","June","oocyte",111.1719547,"Stage II",5
"148","Rep4","ACR-431","June","oocyte",98.72732594,"Stage II",5
"149","Rep5","ACR-438","June","oocyte",132.7392976,"Stage II",11
"150","Rep5","ACR-438","June","oocyte",124.9376802,"Stage II",11
"151","Rep1","ACR-427","March","oocyte",71.37690114,"Stage II",17
"152","Rep1","ACR-427","March","oocyte",72.57336517,"Stage II",17
"153","Rep1","ACR-427","March","oocyte",73.31166265,"Stage II",17
"154","Rep1","ACR-427","March","oocyte",73.6411032,"Stage II",17
"155","Rep1","ACR-427","March","oocyte",74.27854404,"Stage II",17
"156","Rep1","ACR-427","March","oocyte",74.48673254,"Stage II",17
"157","Rep1","ACR-427","March","oocyte",82.4188328,"Stage II",17
"158","Rep1","ACR-427","March","oocyte",86.83641716,"Stage II",17
"159","Rep1","ACR-427","March","oocyte",89.93794823,"Stage II",17
"160","Rep1","ACR-427","March","oocyte",91.48408524,"Stage II",17
"161","Rep1","ACR-427","March","oocyte",96.79729412,"Stage II",17
"162","Rep1","ACR-427","March","oocyte",100.5538733,"Stage II",17
"163","Rep1","ACR-427","March","oocyte",102.0470803,"Stage II",17
"164","Rep5","ACR-434","March","oocyte",77.1921256,"Stage II",3
"165","Rep1","ACR-418","May","oocyte",96.84457015,"Stage II",7
"166","Rep1","ACR-418","May","oocyte",103.0077498,"Stage II",7
"167","Rep1","ACR-418","May","oocyte",103.833422,"Stage II",7
"168","Rep1","ACR-418","May","oocyte",113.3725658,"Stage II",7
"169","Rep2","ACR-431","May","oocyte",101.3655088,"Stage II",8
"170","Rep3","ACR-423","May","oocyte",84.32517462,"Stage II",3
"171","Rep3","ACR-423","May","oocyte",89.78896555,"Stage II",3
"172","Rep3","ACR-423","May","oocyte",90.41501561,"Stage II",3
"173","Rep4","ACR-425","May","oocyte",71.44881289,"Stage II",4
"174","Rep4","ACR-425","May","oocyte",86.71264262,"Stage II",4
"175","Rep5","ACR-427","May","oocyte",79.91944835,"Stage II",4
"176","Rep5","ACR-427","May","oocyte",84.85041443,"Stage II",4
"177","Rep5","ACR-427","May","oocyte",85.25157974,"Stage II",4
"178","Rep5","ACR-427","May","oocyte",88.90449926,"Stage II",4
"179","Rep6","ACR-428","May","oocyte",83.82559482,"Stage II",1
"180","Rep7","ACR-429","May","oocyte",112.7499202,"Stage II",13
"181","Rep7","ACR-429","May","oocyte",103.6445783,"Stage II",13
"182","Rep7","ACR-429","May","oocyte",99.00568984,"Stage II",13
"183","Rep7","ACR-429","May","oocyte",97.9483099,"Stage II",13
"184","Rep7","ACR-429","May","oocyte",93.43527664,"Stage II",13
"185","Rep7","ACR-429","May","oocyte",125.6290088,"Stage II",13
"186","Rep7","ACR-429","May","oocyte",125.560055,"Stage II",13
"187","Rep7","ACR-429","May","oocyte",119.9748,"Stage II",13
"188","Rep7","ACR-429","May","oocyte",119.8638387,"Stage II",13
"189","Rep7","ACR-429","May","oocyte",92.17439945,"Stage II",13
"190","Rep7","ACR-429","May","oocyte",88.52464714,"Stage II",13
"191","Rep7","ACR-429","May","oocyte",127.3738377,"Stage II",13
"192","Rep7","ACR-429","May","oocyte",134.2326058,"Stage II",13
"193","Rep1","ACR-417","October","oocyte",362.7747558,"Stage V",9
"194","Rep2","ACR-425","April","oocyte",166.4465782,"Stage III",21
"195","Rep2","ACR-425","April","oocyte",170.6048041,"Stage III",21
"196","Rep2","ACR-425","April","oocyte",143.1311651,"Stage III",21
"197","Rep1","ACR-421","August","oocyte",144.890819,"Stage III",38
"198","Rep1","ACR-421","August","oocyte",157.1483906,"Stage III",38
"199","Rep1","ACR-421","August","oocyte",159.0447649,"Stage III",38
"200","Rep1","ACR-421","August","oocyte",162.3080438,"Stage III",38
"201","Rep1","ACR-421","August","oocyte",166.2718672,"Stage III",38
"202","Rep2","ACR-438","August","oocyte",147.5554179,"Stage III",37
"203","Rep2","ACR-438","August","oocyte",150.3010994,"Stage III",37
"204","Rep2","ACR-438","August","oocyte",160.1138215,"Stage III",37
"205","Rep2","ACR-438","August","oocyte",164.6158183,"Stage III",37
"206","Rep1","ACR-421","August","oocyte",180.4189482,"Stage III",38
"207","Rep1","ACR-421","August","oocyte",181.2028783,"Stage III",38
"208","Rep1","ACR-421","August","oocyte",183.6117131,"Stage III",38
"209","Rep1","ACR-421","August","oocyte",183.8121456,"Stage III",38
"210","Rep1","ACR-421","August","oocyte",185.1195498,"Stage III",38
"211","Rep1","ACR-421","August","oocyte",186.1302338,"Stage III",38
"212","Rep1","ACR-421","August","oocyte",190.6027759,"Stage III",38
"213","Rep1","ACR-421","August","oocyte",204.6222812,"Stage III",38
"214","Rep1","ACR-421","August","oocyte",208.9821439,"Stage III",38
"215","Rep1","ACR-421","August","oocyte",211.7304849,"Stage III",38
"216","Rep1","ACR-421","August","oocyte",213.4502349,"Stage III",38
"217","Rep1","ACR-421","August","oocyte",216.3907577,"Stage III",38
"218","Rep1","ACR-421","August","oocyte",219.6342246,"Stage III",38
"219","Rep2","ACR-438","August","oocyte",173.4539715,"Stage III",37
"220","Rep2","ACR-438","August","oocyte",175.9819346,"Stage III",37
"221","Rep2","ACR-438","August","oocyte",183.8954927,"Stage III",37
"222","Rep2","ACR-438","August","oocyte",185.451984,"Stage III",37
"223","Rep2","ACR-438","August","oocyte",189.4356816,"Stage III",37
"224","Rep2","ACR-438","August","oocyte",196.2018545,"Stage III",37
"225","Rep2","ACR-438","August","oocyte",206.1648793,"Stage III",37
"226","Rep2","ACR-438","August","oocyte",206.5652779,"Stage III",37
"227","Rep2","ACR-438","August","oocyte",206.8739268,"Stage III",37
"228","Rep2","ACR-438","August","oocyte",218.4905112,"Stage III",37
"229","Rep2","ACR-438","August","oocyte",219.4489651,"Stage III",37
"230","Rep2","ACR-438","August","oocyte",223.5302917,"Stage III",37
"231","Rep2","ACR-438","August","oocyte",226.8578412,"Stage III",37
"232","Rep2","ACR-438","August","oocyte",228.2727123,"Stage III",37
"233","Rep2","ACR-438","August","oocyte",231.3452392,"Stage III",37
"234","Rep2","ACR-438","August","oocyte",232.2423011,"Stage III",37
"235","Rep2","ACR-438","August","oocyte",233.9520514,"Stage III",37
"236","Rep3","ACR-462","August","oocyte",208.8909491,"Stage III",6
"237","Rep3","ACR-462","August","oocyte",142.1676103,"Stage III",6
"238","Rep3","ACR-462","August","oocyte",208.0448733,"Stage III",6
"239","Rep3","ACR-462","August","oocyte",221.771236,"Stage III",6
"240","Rep3","ACR-462","August","oocyte",136.0370735,"Stage III",6
"241","Rep4","ACR-463","August","oocyte",157.381266,"Stage III",3
"242","Rep4","ACR-463","August","oocyte",141.8363449,"Stage III",3
"243","Rep4","ACR-463","August","oocyte",236.1209097,"Stage III",3
"244","Rep5","ACR-464","August","oocyte",196.2379711,"Stage III",20
"245","Rep5","ACR-464","August","oocyte",175.5211263,"Stage III",20
"246","Rep5","ACR-464","August","oocyte",223.1428808,"Stage III",20
"247","Rep5","ACR-464","August","oocyte",199.3266415,"Stage III",20
"248","Rep5","ACR-464","August","oocyte",170.1282951,"Stage III",20
"249","Rep5","ACR-464","August","oocyte",183.1121624,"Stage III",20
"250","Rep5","ACR-464","August","oocyte",148.3002883,"Stage III",20
"251","Rep5","ACR-464","August","oocyte",195.8277499,"Stage III",20
"252","Rep5","ACR-464","August","oocyte",178.9992298,"Stage III",20
"253","Rep5","ACR-464","August","oocyte",176.5822268,"Stage III",20
"254","Rep5","ACR-464","August","oocyte",226.1666948,"Stage III",20
"255","Rep5","ACR-464","August","oocyte",119.9974025,"Stage III",20
"256","Rep5","ACR-464","August","oocyte",177.7777832,"Stage III",20
"257","Rep5","ACR-464","August","oocyte",179.4201539,"Stage III",20
"258","Rep5","ACR-464","August","oocyte",132.0551919,"Stage III",20
"259","Rep5","ACR-464","August","oocyte",137.9933678,"Stage III",20
"260","Rep5","ACR-464","August","oocyte",225.8387984,"Stage III",20
"261","Rep6","ACR-423","August","oocyte",165.1491532,"Stage III",6
"262","Rep6","ACR-423","August","oocyte",163.8283703,"Stage III",6
"263","Rep6","ACR-423","August","oocyte",148.5383487,"Stage III",6
"264","Rep6","ACR-423","August","oocyte",134.4875,"Stage III",6
"265","Rep6","ACR-423","August","oocyte",207.3965556,"Stage III",6
"266","Rep7","ACR-437","August","oocyte",190.1337615,"Stage III",5
"267","Rep7","ACR-437","August","oocyte",145.7951764,"Stage III",5
"268","Rep7","ACR-437","August","oocyte",166.4850262,"Stage III",5
"269","Rep7","ACR-437","August","oocyte",169.8498097,"Stage III",5
"270","Rep1","ACR-423","July","oocyte",141.1370565,"Stage III",42
"271","Rep1","ACR-423","July","oocyte",142.0059748,"Stage III",42
"272","Rep1","ACR-423","July","oocyte",145.4992785,"Stage III",42
"273","Rep1","ACR-423","July","oocyte",148.3730013,"Stage III",42
"274","Rep1","ACR-423","July","oocyte",165.4140198,"Stage III",42
"275","Rep1","ACR-423","July","oocyte",168.6988958,"Stage III",42
"276","Rep2","ACR-449","July","oocyte",158.5187588,"Stage III",26
"277","Rep2","ACR-449","July","oocyte",153.8047895,"Stage III",26
"278","Rep2","ACR-449","July","oocyte",157.2709985,"Stage III",26
"279","Rep2","ACR-449","July","oocyte",158.685049,"Stage III",26
"280","Rep1","ACR-423","July","oocyte",174.1415449,"Stage III",42
"281","Rep1","ACR-423","July","oocyte",177.176292,"Stage III",42
"282","Rep1","ACR-423","July","oocyte",178.1098376,"Stage III",42
"283","Rep1","ACR-423","July","oocyte",178.586609,"Stage III",42
"284","Rep1","ACR-423","July","oocyte",184.1140391,"Stage III",42
"285","Rep1","ACR-423","July","oocyte",194.1285744,"Stage III",42
"286","Rep1","ACR-423","July","oocyte",199.1389165,"Stage III",42
"287","Rep1","ACR-423","July","oocyte",204.8530186,"Stage III",42
"288","Rep1","ACR-423","July","oocyte",210.1249211,"Stage III",42
"289","Rep1","ACR-423","July","oocyte",213.1533349,"Stage III",42
"290","Rep1","ACR-423","July","oocyte",213.7374537,"Stage III",42
"291","Rep1","ACR-423","July","oocyte",216.5328939,"Stage III",42
"292","Rep1","ACR-423","July","oocyte",221.5760324,"Stage III",42
"293","Rep1","ACR-423","July","oocyte",221.6923792,"Stage III",42
"294","Rep1","ACR-423","July","oocyte",232.2385869,"Stage III",42
"295","Rep1","ACR-423","July","oocyte",235.2191847,"Stage III",42
"296","Rep1","ACR-423","July","oocyte",236.158918,"Stage III",42
"297","Rep1","ACR-423","July","oocyte",237.4486122,"Stage III",42
"298","Rep1","ACR-423","July","oocyte",237.8186334,"Stage III",42
"299","Rep2","ACR-449","July","oocyte",173.154614,"Stage III",26
"300","Rep2","ACR-449","July","oocyte",190.849939,"Stage III",26
"301","Rep2","ACR-449","July","oocyte",160.9947113,"Stage III",26
"302","Rep2","ACR-449","July","oocyte",185.5885632,"Stage III",26
"303","Rep2","ACR-449","July","oocyte",185.2155085,"Stage III",26
"304","Rep2","ACR-449","July","oocyte",169.2960131,"Stage III",26
"305","Rep2","ACR-449","July","oocyte",183.7816899,"Stage III",26
"306","Rep2","ACR-449","July","oocyte",204.7694344,"Stage III",26
"307","Rep2","ACR-449","July","oocyte",214.8926003,"Stage III",26
"308","Rep2","ACR-449","July","oocyte",216.7761299,"Stage III",26
"309","Rep2","ACR-449","July","oocyte",161.0297222,"Stage III",26
"310","Rep2","ACR-449","July","oocyte",193.6811362,"Stage III",26
"311","Rep2","ACR-449","July","oocyte",204.2030284,"Stage III",26
"312","Rep2","ACR-449","July","oocyte",190.4875774,"Stage III",26
"313","Rep2","ACR-449","July","oocyte",170.3384299,"Stage III",26
"314","Rep2","ACR-449","July","oocyte",161.8595905,"Stage III",26
"315","Rep2","ACR-449","July","oocyte",174.6536873,"Stage III",26
"316","Rep2","ACR-449","July","oocyte",169.6176277,"Stage III",26
"317","Rep3","ACR-430","July","oocyte",204.8329466,"Stage III",8
"318","Rep3","ACR-430","July","oocyte",195.9206247,"Stage III",8
"319","Rep3","ACR-430","July","oocyte",185.3289217,"Stage III",8
"320","Rep3","ACR-430","July","oocyte",161.0266941,"Stage III",8
"321","Rep3","ACR-430","July","oocyte",183.8909557,"Stage III",8
"322","Rep3","ACR-430","July","oocyte",178.0238639,"Stage III",8
"323","Rep3","ACR-430","July","oocyte",165.5027572,"Stage III",8
"324","Rep3","ACR-430","July","oocyte",155.5178778,"Stage III",8
"325","Rep4","ACR-448","July","oocyte",178.1661363,"Stage III",5
"326","Rep4","ACR-448","July","oocyte",151.526907,"Stage III",5
"327","Rep5","ACR-451","July","oocyte",231.2389738,"Stage III",8
"328","Rep5","ACR-451","July","oocyte",178.7452389,"Stage III",8
"329","Rep5","ACR-451","July","oocyte",173.5092206,"Stage III",8
"330","Rep5","ACR-451","July","oocyte",160.9107787,"Stage III",8
"331","Rep5","ACR-451","July","oocyte",195.0043398,"Stage III",8
"332","Rep5","ACR-451","July","oocyte",154.6514457,"Stage III",8
"333","Rep5","ACR-451","July","oocyte",162.6664983,"Stage III",8
"334","Rep6","ACR-457","July","oocyte",141.689726,"Stage III",11
"335","Rep2","ACR-432","June","oocyte",142.6989608,"Stage III",4
"336","Rep2","ACR-432","June","oocyte",163.079947,"Stage III",4
"337","Rep3","ACR-436","June","oocyte",140.980452,"Stage III",6
"338","Rep3","ACR-436","June","oocyte",160.6505786,"Stage III",6
"339","Rep1","ACR-446","June","oocyte",197.4330615,"Stage III",16
"340","Rep1","ACR-446","June","oocyte",208.541164,"Stage III",16
"341","Rep1","ACR-446","June","oocyte",214.7617985,"Stage III",16
"342","Rep3","ACR-436","June","oocyte",161.3070706,"Stage III",6
"343","Rep4","ACR-431","June","oocyte",164.134642,"Stage III",5
"344","Rep4","ACR-431","June","oocyte",164.4747913,"Stage III",5
"345","Rep5","ACR-438","June","oocyte",141.9474761,"Stage III",11
"346","Rep5","ACR-438","June","oocyte",138.6229159,"Stage III",11
"347","Rep5","ACR-438","June","oocyte",141.1392323,"Stage III",11
"348","Rep5","ACR-438","June","oocyte",144.6289077,"Stage III",11
"349","Rep5","ACR-438","June","oocyte",154.8735578,"Stage III",11
"350","Rep5","ACR-438","June","oocyte",153.3011466,"Stage III",11
"351","Rep5","ACR-438","June","oocyte",149.2439083,"Stage III",11
"352","Rep5","ACR-438","June","oocyte",145.304057,"Stage III",11
"353","Rep5","ACR-438","June","oocyte",140.8104207,"Stage III",11
"354","Rep2","ACR-431","May","oocyte",163.8494281,"Stage III",8
"355","Rep1","ACR-418","May","oocyte",176.5597712,"Stage III",7
"356","Rep1","ACR-418","May","oocyte",196.3244197,"Stage III",7
"357","Rep2","ACR-431","May","oocyte",178.5429957,"Stage III",8
"358","Rep2","ACR-431","May","oocyte",162.7615238,"Stage III",8
"359","Rep2","ACR-431","May","oocyte",152.9861355,"Stage III",8
"360","Rep2","ACR-431","May","oocyte",170.5886762,"Stage III",8
"361","Rep2","ACR-431","May","oocyte",157.7775678,"Stage III",8
"362","Rep2","ACR-431","May","oocyte",152.5403793,"Stage III",8
"363","Rep1","ACR-417","October","oocyte",282.7151747,"Stage IV",9
"364","Rep1","ACR-417","October","oocyte",289.1240602,"Stage IV",9
"365","Rep1","ACR-417","October","oocyte",294.0982272,"Stage IV",9
"366","Rep1","ACR-417","October","oocyte",295.7194636,"Stage IV",9
"367","Rep1","ACR-417","October","oocyte",290.3536491,"Stage IV",9
"368","Rep1","ACR-417","October","oocyte",297.7225313,"Stage IV",9
"369","Rep1","ACR-417","October","oocyte",306.6396436,"Stage IV",9
"370","Rep1","ACR-417","October","oocyte",333.6242955,"Stage V",9
"371","Rep1","ACR-420","September","oocyte",257.2645251,"Stage IV",24
"372","Rep1","ACR-420","September","oocyte",267.3159194,"Stage IV",24
"373","Rep2","ACR-458","September","oocyte",238.5367849,"Stage IV",19
"374","Rep2","ACR-458","September","oocyte",242.3789118,"Stage IV",19
"375","Rep2","ACR-458","September","oocyte",214.5462343,"Stage III",19
"376","Rep2","ACR-458","September","oocyte",231.8505357,"Stage III",19
"377","Rep2","ACR-458","September","oocyte",230.475798,"Stage III",19
"378","Rep3","ACR-421","September","oocyte",237.8115063,"Stage III",8
"379","Rep3","ACR-421","September","oocyte",230.6731974,"Stage III",8
"380","Rep3","ACR-421","September","oocyte",217.5368138,"Stage III",8
"381","Rep4","ACR-430","September","oocyte",165.641422,"Stage III",14
"382","Rep4","ACR-430","September","oocyte",211.2428945,"Stage III",14
"383","Rep4","ACR-430","September","oocyte",141.6079255,"Stage III",14
"384","Rep4","ACR-430","September","oocyte",210.7961542,"Stage III",14
"385","Rep6","ACR-461","September","oocyte",188.1356584,"Stage III",12
"386","Rep6","ACR-461","September","oocyte",217.9904926,"Stage III",12
"387","Rep6","ACR-461","September","oocyte",231.0787938,"Stage III",12
"388","Rep6","ACR-461","September","oocyte",163.6083616,"Stage III",12
"389","Rep6","ACR-461","September","oocyte",215.7047864,"Stage III",12
"390","Rep6","ACR-461","September","oocyte",198.9638052,"Stage III",12
"391","Rep6","ACR-461","September","oocyte",218.1349257,"Stage III",12
"392","Rep1","ACR-421","August","oocyte",221.2185548,"Stage IV",38
"393","Rep1","ACR-421","August","oocyte",222.5694513,"Stage IV",38
"394","Rep1","ACR-421","August","oocyte",229.6915637,"Stage IV",38
"395","Rep1","ACR-421","August","oocyte",230.0414983,"Stage IV",38
"396","Rep1","ACR-421","August","oocyte",235.7223464,"Stage IV",38
"397","Rep1","ACR-421","August","oocyte",238.0618123,"Stage IV",38
"398","Rep1","ACR-421","August","oocyte",245.5077228,"Stage IV",38
"399","Rep1","ACR-421","August","oocyte",252.3927412,"Stage IV",38
"400","Rep1","ACR-421","August","oocyte",253.7315719,"Stage IV",38
"401","Rep1","ACR-421","August","oocyte",258.1751302,"Stage IV",38
"402","Rep1","ACR-421","August","oocyte",258.4508525,"Stage IV",38
"403","Rep1","ACR-421","August","oocyte",262.0279281,"Stage IV",38
"404","Rep1","ACR-421","August","oocyte",265.2369599,"Stage IV",38
"405","Rep2","ACR-438","August","oocyte",240.9215081,"Stage IV",37
"406","Rep2","ACR-438","August","oocyte",242.0602119,"Stage IV",37
"407","Rep2","ACR-438","August","oocyte",243.2581678,"Stage IV",37
"408","Rep2","ACR-438","August","oocyte",244.7421136,"Stage IV",37
"409","Rep2","ACR-438","August","oocyte",244.792721,"Stage IV",37
"410","Rep1","ACR-421","August","oocyte",275.7210197,"Stage IV",38
"411","Rep1","ACR-421","August","oocyte",280.2091809,"Stage IV",38
"412","Rep1","ACR-421","August","oocyte",288.7031972,"Stage IV",38
"413","Rep1","ACR-421","August","oocyte",293.7446201,"Stage IV",38
"414","Rep1","ACR-421","August","oocyte",292.9046517,"Stage IV",38
"415","Rep2","ACR-438","August","oocyte",301.1944201,"Stage IV",37
"416","Rep3","ACR-462","August","oocyte",241.7166196,"Stage IV",6
"417","Rep5","ACR-464","August","oocyte",241.1616676,"Stage IV",20
"418","Rep5","ACR-464","August","oocyte",259.0914409,"Stage IV",20
"419","Rep5","ACR-464","August","oocyte",251.9394076,"Stage IV",20
"420","Rep1","ACR-423","July","oocyte",241.3727439,"Stage IV",42
"421","Rep1","ACR-423","July","oocyte",259.7561627,"Stage IV",42
"422","Rep5","ACR-451","July","oocyte",257.4983379,"Stage IV",8
"423","Rep4","ACR-424","October","oocyte",287.8322155,"Stage IV",9
"424","Rep4","ACR-424","October","oocyte",305.7617402,"Stage IV",9
"425","Rep4","ACR-424","October","oocyte",293.5280178,"Stage IV",9
"426","Rep4","ACR-424","October","oocyte",294.7340365,"Stage IV",9
"427","Rep2","ACR-458","September","oocyte",240.014788,"Stage IV",19
"428","Rep1","ACR-420","September","oocyte",273.3697122,"Stage IV",24
"429","Rep1","ACR-420","September","oocyte",274.9879682,"Stage IV",24
"430","Rep1","ACR-420","September","oocyte",282.4900441,"Stage IV",24
"431","Rep1","ACR-420","September","oocyte",285.0888233,"Stage IV",24
"432","Rep1","ACR-420","September","oocyte",285.2685274,"Stage IV",24
"433","Rep1","ACR-420","September","oocyte",286.1561,"Stage IV",24
"434","Rep1","ACR-420","September","oocyte",286.4430845,"Stage IV",24
"435","Rep1","ACR-420","September","oocyte",286.7185897,"Stage IV",24
"436","Rep1","ACR-420","September","oocyte",286.9920312,"Stage IV",24
"437","Rep1","ACR-420","September","oocyte",287.1971758,"Stage IV",24
"438","Rep1","ACR-420","September","oocyte",295.3851124,"Stage IV",24
"439","Rep1","ACR-420","September","oocyte",297.0556901,"Stage IV",24
"440","Rep1","ACR-420","September","oocyte",298.4035727,"Stage IV",24
"441","Rep1","ACR-420","September","oocyte",298.451434,"Stage IV",24
"442","Rep1","ACR-420","September","oocyte",298.5539889,"Stage IV",24
"443","Rep1","ACR-420","September","oocyte",309.849381,"Stage IV",24
"444","Rep1","ACR-420","September","oocyte",311.8383896,"Stage IV",24
"445","Rep1","ACR-420","September","oocyte",312.3697371,"Stage IV",24
"446","Rep1","ACR-420","September","oocyte",314.8716757,"Stage IV",24
"447","Rep1","ACR-420","September","oocyte",321.6632223,"Stage IV",24
"448","Rep1","ACR-420","September","oocyte",352.9840858,"Stage IV",24
"449","Rep2","ACR-458","September","oocyte",265.2646745,"Stage IV",19
"450","Rep2","ACR-458","September","oocyte",250.9072363,"Stage IV",19
"451","Rep2","ACR-458","September","oocyte",266.2892524,"Stage IV",19
"452","Rep2","ACR-458","September","oocyte",256.1449444,"Stage IV",19
"453","Rep2","ACR-458","September","oocyte",265.7698077,"Stage IV",19
"454","Rep2","ACR-458","September","oocyte",271.1033055,"Stage IV",19
"455","Rep2","ACR-458","September","oocyte",282.6918922,"Stage IV",19
"456","Rep2","ACR-458","September","oocyte",286.558982,"Stage IV",19
"457","Rep2","ACR-458","September","oocyte",258.9850008,"Stage IV",19
"458","Rep2","ACR-458","September","oocyte",250.4533928,"Stage IV",19
"459","Rep3","ACR-421","September","oocyte",248.4116364,"Stage IV",8
"460","Rep3","ACR-421","September","oocyte",264.6819321,"Stage IV",8
"461","Rep3","ACR-421","September","oocyte",240.695778,"Stage IV",8
"462","Rep4","ACR-430","September","oocyte",303.7025604,"Stage IV",14
"463","Rep4","ACR-430","September","oocyte",282.7640927,"Stage IV",14
"464","Rep4","ACR-430","September","oocyte",304.6028491,"Stage IV",14
"465","Rep4","ACR-430","September","oocyte",303.3637517,"Stage IV",14
"466","Rep4","ACR-430","September","oocyte",308.3769918,"Stage IV",14
"467","Rep4","ACR-430","September","oocyte",302.4269349,"Stage IV",14
"468","Rep4","ACR-430","September","oocyte",253.4668466,"Stage IV",14
"469","Rep6","ACR-461","September","oocyte",276.7462556,"Stage IV",12
"470","Rep6","ACR-461","September","oocyte",267.0415704,"Stage IV",12
"471","Rep6","ACR-461","September","oocyte",286.9974347,"Stage IV",12
"472","Rep6","ACR-461","September","oocyte",255.2390591,"Stage IV",12
"473","Rep6","ACR-461","September","oocyte",245.3689975,"Stage IV",12
"474","Rep2","ACR-459","October","oocyte",311.6113531,"Stage V",6
"475","Rep2","ACR-459","October","oocyte",319.0487119,"Stage V",6
"476","Rep2","ACR-459","October","oocyte",314.502163,"Stage V",6
"477","Rep2","ACR-459","October","oocyte",313.5812794,"Stage V",6
"478","Rep2","ACR-459","October","oocyte",328.6555405,"Stage V",6
"479","Rep2","ACR-459","October","oocyte",314.9824386,"Stage V",6
"480","Rep4","ACR-424","October","oocyte",312.2593759,"Stage V",9
"481","Rep4","ACR-424","October","oocyte",320.660764,"Stage V",9
"482","Rep4","ACR-424","October","oocyte",312.835088,"Stage V",9
"483","Rep4","ACR-424","October","oocyte",321.9845125,"Stage V",9
"484","Rep4","ACR-424","October","oocyte",318.2081131,"Stage V",9
"485","Rep5","ACR-426","October","oocyte",298.3239749,"Stage V",4
"486","Rep5","ACR-426","October","oocyte",310.6539593,"Stage V",4
"487","Rep5","ACR-426","October","oocyte",302.2416434,"Stage V",4
"488","Rep5","ACR-426","October","oocyte",311.9276765,"Stage V",4
"489","Rep1","ACR-420","September","oocyte",360.1486006,"Stage V",24
"490","Rep2","ACR-458","September","oocyte",352.7245103,"Stage V",19
"491","Rep2","ACR-458","September","oocyte",347.4352105,"Stage V",19
"492","Rep2","ACR-458","September","oocyte",313.4993612,"Stage V",19
"493","Rep3","ACR-421","September","oocyte",320.7600803,"Stage V",8
"494","Rep3","ACR-421","September","oocyte",320.1394086,"Stage V",8
"495","Rep4","ACR-430","September","oocyte",349.1070974,"Stage V",14
"496","Rep4","ACR-430","September","oocyte",314.5424342,"Stage V",14
"497","Rep4","ACR-430","September","oocyte",324.9313867,"Stage V",14
